,content,score
0,挺好的吧，就是老是发热,1
1,京东自营也就是快，别的是一点优惠也没有啊？,1
2,手机很好，就是这平台不行,1
3,手机没什么问题，都还可以，,1
4,打游戏一直断流,1
5,前置摄像头进灰。我能说什么,1
6,应该是全新的吧,1
7,赠送的充电宝没有，谢谢,1
8,刚玩一会自动重启    心好累,1
9,非常不错的手机喽，小米永远值得信赖，我是米粉。,1
10,这一个星是给猴群的呢。,1
11,刚买的，用几天看下，在评价,1
12,对小米活动失望了，手机还是可以的，性价比还算不错,1
13,双卡双待单通是我一生的痛。,1
14,购买失望,1
15,拿到手拍照的时候为啥一直频闪？,1
16,手机没问题但是最让我气的是竟然给我拆箱了。,1
17,这部手机被激活过，联系客服白搭,1
18,电池是真不耐用，价格是降真快,1
19,手机收到，速度很快，但是赠品已经第五天还没开始发，辣鸡,1
20,插口上下左右晃动，我不知道属于正常现象还是品控问题。,1
21,差评是给京东馆驿街配送站的，超级墨迹。手机还好，用着还不错。,1
22,小问题非常多，会一直息屏,1
23,一般吧,1
24,手机运行很流畅，值得购买。给差评主要是京东辣鸡,1
25,买这手机算我栽跟头了，辣鸡玩意,1
26,第一天就这样！    看看过几天怎么样吧,1
27,真好，wifi根本就连不上，真棒！,1
28,特别失望，买早了，一加联想vivo性价比都更好，反正大家别买了，还玩饥饿营销，真是没意思。,1
29,耍猴技术一流，中午加购物车，过一会儿恢复原价，晚上再降价。,1
30,物流挺好，手机各种问题，都是共性问题，都别买了！,1
31,续航是真的菜，又很快发烫,1
32,移动定制版开机画面low到！！！！！！！！！！,1
33,小米，依然是为发烧而生，并且刚才用小爱同学的时候卡机重启了一下,1
34,手机不错，6月8日购买的，6月18日就降价200元，京东在购机时承诺价格保护，希望能够履行承诺，保障消费者合法权益！,1
35,一般般吧,1
36,有很多问题,1
37,话不多说,1
38,狗屎,1
39,也许这是尊享WIFI版吧，电话卡这种低级东西，不需要,1
40,手机不错，1星给京东物流吧。。。早上8点下的单说是下午3点到，总共100公里的路程愣是给我第二天才送到,1
41,真好用。,1
42,兄弟买手机吗？先给钱再生产的那种,1
43,618降价真多，日,1
44,玩刺激战场贼爽，米酒真香！,1
45,其他都可以。使用之后。一天得充两回电。,1
46,这个手机问题很多，各种小问题，用起来真的不方便！！！,1
47,我的京东手机卡呢？手机刚买回来，就出毛病让我重新恢复出厂设置了一次。,1
48,一星给快递小哥,1
49,很一般,1
50,光死机啊！,1
51,小米9体验挺好的，老公好喜欢！差评给京东客服，价保总是各种理由推脱不给价保，可以说在京东购买东西价保是没有保障的，所谓的价保等于没有，京东没有什么诚信可言，说到底就是#！这方面~~就做得比较完善很多！,1
52,失望,1
53,电池是真的****,1
54,电池掉的飞快，还是我关闭了官方广告，谷歌服务后,1
55,买了送人的，挺不错。,1
56,颜值好看，但电池及不耐用，小米的悲哀，不建议购买。,1
57,不知道该怎么喷，性价比高你也不能这样吧。。。,1
58,?开心,1
59,无力吐槽,1
60,放在裤裆里会自动解锁  神了,1
61,这个是移动定制版的，大家买的时候要擦亮眼睛。,1
62,没有送移动电源之前说送的，手机耗电挺快的。,1
63,手机bug较多，从四月9号一直辗转到现在，一直都是GPS定位故障，换了新的，不抱期待了，,1
64,26上午十点零一分拍的，四月二号到的，服气，而且用的时候插耳机以后莫名其妙会打开音乐我也不晓得为什么，挺好看的就是,1
65,48MP过暴严重,1
66,19号买的，今天到的，牛皮,1
67,什么都好 可惜会断流,1
68,真的不想评论，打字还能给豆，手机是个好手机，买个手机把自己搞得不高兴。,1
69,电池耗电像流水一样，一天三充，其他方面还可以,1
70,电池充的快，用的也快。 总之辣鸡的一比,1
71,拍照像素还可以就是拍照很丑，比OPPO差远了,1
72,电量消耗太快，第一次买小米，下次准备买华为了，两个字辣鸡！,1
73,真香,1
74,充电手机特别烫&hellip;&hellip;醉了,1
75,花高价买个防窥膜，回来发现没屁用，跟普通膜一样，之前苹果的很好用，这个一点用没有,1
76,第一次买小米，话不多说。。。数星星,1
77,卡机,1
78,喔 快递确实没得说 拿到手机外面包装膜都是坏的我真是服了 不过手机是好的 用着确实挺舒服的 用断时间来看看,1
79,和8在性能上没什么区别，你买了小米的手机，就等于被小米垄断了。什么地方都可以看到小米的广告。都做到输入法上来了。,1
80,耗电超快。性能再好也白搭,1
81,有赠品不支持保价，真是够可以的！一下降了300多,1
82,耳机都没有，手机不错,1
83,还未送到,1
84,玩了一个小时，80的电变成47，呵，第一次买小米。,1
85,想了好久才抢到了，现在终于现货了，但是小米现在还行吗？如果不溢价的话，还有谁会去买小米呢？还是去买iqoo吧,1
86,~无GPS信号,1
87,相机除了美颜还可以。瘦脸，塑形等功能好像并没有什么用。,1
88,帮室友买的，还行吧，主要是抢到了要等不爽，还有说颜色太丑了,1
89,好评没人看，总的来说非常好，其他人说的话都是基本上是水军，,1
90,真的是是假，内屏居然有破损。,1
91,刚买完就降价,1
92,才买几天就降价了。,1
93,留给带了一个这样的膜，怎么用，而且还没有耳机，无线充电器我就不奢望了，屏幕膜和耳机总应该有吧，就一裸机，差评差评差评差评差评！,1
94,打游戏一直断流,1
95,手机手感很好，速度还不错，就是真电池，闹着玩了，什么东西，一天跑电，那个手机是这样，还旗舰，不是我黑小米，我很喜欢小米，但是这小米9买的真后悔，以后再也不买小米了，,1
96,"外形外观：米9外观非常漂亮，买的这款宝蓝色的在阳光下非常漂亮，美轮美奂，非常讨喜
屏幕音效：很遗憾，米9的品控真的让人失望，拿到手的这一个屏幕有问题，屏幕中间居然有玻璃裂开？？？好在是在京东自营买的，京东处理来还比较省心，但是这一次618的物流居然外包给其他物流公司，上门取件早就取件了，但快递员居然一直不在后台操作进行，一直卡在取件一两天，后来要我打电话客服投诉才解决，才操作醉了，体验真差，这样的物流体验和其他电商同有何区别，请京东一定要重视，不要把自己的品牌口碑弄没了，那就很难再建立起来了
拍照效果：拍照效果很不错，当然比不上华为高端机，价格摆在这呢
运行速度：855不是吹的，真的非常棒，非常流畅，加上MIUI加持，真的很棒。
待机时间：虽然电池容量很小，但日常用起来正常的一天一充，表现很不错。",1
97,手机第一天屏幕陀螺仪出现问题，更新系统后屏幕出现抖动现象,1
98,买了不到一个月，降价300块，客服说不能给价保，手机电量用的真心快玩游戏最多3个小时就没电了，一天3充是最基本的，以后不会选择在京东购买,1
99,请大家擦亮眼睛   我买了半个月手机就坏了  从来没有评论过   小米9,1
100,"电池超级不耐用，无电话待机5小时25%电没了。一下不玩的情况这样。玩个农药打一把7%-10%电量，还不是效果全开。指纹解锁设置了之后还是可以直接划开，密码锁都是摆设！！

   从来没对小米如此失望过，这么多年网购，第一次差评！！！",1
101,刚到手续航崩溃了   惨不忍睹  最差的一次手机体验,1
102,之前用过两个小米手机，感觉还挺好用的，这次也果断买了小米9，结果这次真的很让人失望，经常软件用着用着就无响应卡了，网络经常用不了需要重启手机后就可以用了，总之这次特失望,1
103,充电慢！耗电快！指纹识别就是一坨si！有时还莫名弹个小米视频出来。真心垃圾手机。还不如我之前的米6。,1
104,给一星是因为一星最低。手机读取不了SIM卡，你说气人不？,1
105,为什么用电那么快？,1
106,刚买一个多月，今天突然白屏,1
107,京东卖二手手机，我刚买的手机屏幕有指纹，京东信用何在，二手货当新机卖，京东你脸在屁股里吗，我没法晒单一晒单就告诉我审核不通过，把我评价全部删除，京东已经不是一次这样做了，谁不信试试差评+晒单保证审核不通过删除你全部评价，买手机还是去实体店好点贵几百至少是新机器，京东购买给你邮过来的手机是新的，二手的你都没得选，对吗,1
108,中间出现了很多问题，偶尔黑屏，照相页面点相册黑屏，自己自动关机，打完电话想按结束健，发现整个屏幕是黑色，只能等对方挂，距离感应器也是随他自己心情，贴耳朵上了还在那亮着，一直信赖的京东出售这样的仪器，也是很寒心，自认倒霉了，再买这种商品一定不在京东买了,1
109,才用几天手机指纹解锁不灵 &hellip;&hellip;主要是这态度我受不了,1
110,好久没用过小米了，原本很期待的。其他都可以，但是会断网，这个很烦,1
111,掉电快，是真的快，并不是使用掉电快哦，而是待机掉电快，快到你感到惊讶,1
112,不想说什么，手机很好，这一颗星是给京东的，自己干的事自己心里清楚！,1
113,京东厉害。物流真棒。感谢京东，2570到手。小米手机可以，系统不行，么有锤子的系统好用、广告，内置无用软件太多了~另外小电池，一定要掂量好。等锤子出新机就回归Smartisan OS。,1
114,我真#服了，用了两天，感觉不错，然后现在给我出事，所以游戏显示连接失败，其他应用好好的，就游戏玩不了,1
115,不支持北京一卡通了（只支持京津冀一卡通，兑换的充值码用不了了），如果支持立即改五星好评,1
116,手机不错  客服没有一个活人  好几个时间段找了好几次  只有一个复读机机器人 既然找不到活人那让ta亲自找我吧,1
117,最痛恨饥饿营销，小米多少年了，还是这样，,1
118,用了两天就黑屏小米8从没遇到过这种情况，我也是老米粉了用了四年小米手机，希望能尽快解决这件事情，给三星了,1
119,一分是给耍猴雷，都9012年了，还要抢，抢完还要等好几天(??)，米9我给五分，京东服务五分，米9还是不错了，这个就是为什么我选了红米note7Pro的原因。。。哈哈哈哈,1
120,SIM卡放在小米5上，网络很好，换到新买的小米9上，网络卡到不行儿.....,1
121,我是蛮期待拿到这个手机的，我在这个店里买了五个手机了。没想到这次竟然会这样，,1
122,外观还可以  但是电掉的太快了   省电模式也很快  包装盒都这样了  体验效果很差,1
123,"玩王者最高画质发烫,
玩儿量子特工发烫,
你这应该算是个高端机了吧？
呵呵了个呵呵。",1
124,神一般的优化，只为了能让你更流畅更快捷，的看到更多的广告，这就是小米！无广告不小米。,1
125,物流很快，快递小哥服务态度很好。手机还没用，没有图片上好看。垃圾的销售平台，显示赠送无线充电宝+数据线赠完为止，下单的时候没有任何提示，没有提示赠品已送完及剩余数量。收货后发现没有赠品。,1
126,用了一周，很流畅充电速度也很快，第一次用小米转粉了，发货太慢，抢购等了四天。,1
127,耗电耗电耗电呐，在线看视频最多5小时多。真不知道它那比4200毫安好的结论怎么来的,1
128,快递包装和送货服务都很可以，手机刚买回来后使用了人脸识别，当时很快就录入成功，但是后来系统更新后人脸识别无法录入，总是失败。（寝室另一位同学也是小米9他的就可以录入人脸）,1
129,手机很是可以的，但是我还是给差评！?????耍猴真的很好玩！,1
130,#手机，第一次用小米手机，直接是太失望了，有的软件点开，直接黑频，我才用几天。就这样，特别不满意的一次购物,1
131,手机充电线充不了电了，坏了,1
132,辣鸡，辣鸡，买了就降价，还不到半个月就降价了，都是套路，以后不要在京东买了,1
133,只能说自己运气不太好，打字真的是太有问题了，果断退货了，烦恼，希望再购买的时候别有任何问题了,1
134,买完刚好一周降价200 找客服 客服让申请保价失败了就不管 连个优惠券都不补偿,1
135,别说了，半个月不到，你给我降价两百，我还能说什么,1
136,垃圾手机，待电贼差。,1
137,"本人米粉，K20出来的时候，抢购了个K20，结果打电话对方听不到声音，果断退掉，过段时间有朋友说小米9移动版的在搞活动，觉得很划算就买了一个，外观很漂亮，刚开始也把自己美了一阵子，想着买移动版的比普通的便宜了好几百，但是有些问题，我用的是联通的手机卡，单卡，打电话时自动降为3G，有的时候会断流，网上查了下，小米的普遍现象，想想我也是从小米1用过来的，以前没有出现过这种情况，还有个严重的情况是，发热太厉害，本人不玩游戏，只是看视频，手机烫得不行了，有的时候啥都没用，手机就很烫，电量哗哗的掉，一会儿就没电关机了，不出问题的时候电量也不够用一天，我一般只用**，QQ,听喜马拉雅，**，QQ都是电脑上登着的，手机用的频率也不高，不明白为什么电池这么不耐用。想退货可是刚用到一个月零几天，我想问到底是小米质量做差了还是我运气这么差，两次都碰到了？",1
138,买完一周降二百，谁的钱也不是大风刮来的呦。以后惹不起了,1
139,第一次用小米 选择了米9  一开始觉得挺不错的  但是现在发现 别人打不进来电话 老是说我手机关机  然后 QQ里用前置摄像头 会卡  我也不知道是系统的原因 还是什么  反正现在挺失望的,1
140,快递速度是快，包装和服务也不错，但是手机本身使用了没几天就出毛病了，经常自动重启，在网上查了一下，也有一些人遇到了自动重启毛病，希望其他人买的时候参考一下。,1
141,首先小爱同学挺不错的，拍照也可以，但是摄像头真的是太突出了，带了自带的手机壳摄像头依然突出，电池也不耐用，晚上前还剩下二十多的电，早上起来手机自动关机了，电量充足的时候一晚上也耗十几的电量，另外一个就是手机放在那里不动自己也会亮屏。,1
142,手机使用没有雷军说的那么好，手机也会卡顿。连刚刚登飞猪都卡了。希望小米继续加油吧。,1
143,这手机真的很棒很棒哦，口袋掉了一下，直接主板屏幕全碎了，钢化膜直接完好无损，直接隔山打牛，质量好的一匹。感谢京东让我用3300体验两天小米，并且承担790维修费用，蟹蟹,1
144,物流挺快的，手机体验很差，拍照还可以，系统流畅，但是时常网络短流，真的很一般,1
145,开放购买后，配送速度是挺快&hellip;&hellip;说说手机最大的缺点！电池不够用！屏下指纹解锁不快，面部解锁挺快！唉&hellip;&hellip;就是电池很**！！！一星,1
146,第一次用小米 选择了米9  一开始觉得挺不错的  但是现在发现 别人打不进来电话 老是说我手机关机  然后 QQ里用前置摄像头 会卡  我也不知道是系统的原因 还是什么  反正现在挺失望的,1
147,物流很快第二天就到了，如果不是之前的米8坏了经济条件不允许，我绝对不买米9，怎么说把3300的电池小了电我个人还是够用。更大运行，更流畅的手机让你看更多的广告充电很快，无线充电也很方便，手机挺好看的。最大的问题是不管我说看斗音，刷快手，打游戏，用的WiFi，电信，联通，都会有断流的情况，为什么我也不知道，但是我希望能把这个优化一下。,1
148,"外形外观：米9外观非常漂亮，买的这款宝蓝色的在阳光下非常漂亮，美轮美奂，非常讨喜
屏幕音效：很遗憾，米9的品控真的让人失望，拿到手的这一个屏幕有问题，屏幕中间居然有玻璃裂开？？？好在是在京东自营买的，京东处理来还比较省心，但是这一次618的物流居然外包给其他物流公司，上门取件早就取件了，但快递员居然一直不在后台操作进行，一直卡在取件一两天，后来要我打电话客服投诉才解决，才操作醉了，体验真差，这样的物流体验和其他电商同有何区别，请京东一定要重视，不要把自己的品牌口碑弄没了，那就很难再建立起来了
拍照效果：拍照效果很不错，当然比不上华为高端机，价格摆在这呢
运行速度：855不是吹的，真的非常棒，非常流畅，加上MIUI加持，真的很棒。
待机时间：虽然电池容量很小，但日常用起来正常的一天一充，表现很不错。",1
149,快递小哥服务很好  包装也没啥大问题  手机盒边角有一点点磕碰的痕迹  拆开了手机很好用  充电很快   但是！数据线的做工明显很次  又硬有粗糙 而且连接手机插卡的那头竟然是歪的！歪的！很难受,1
150,"使用一段时间后的感受
1：外观很好看，大屏幕看着很舒畅
2：手机有时候会卡
3：用美颜相机录视频的话这个软件录完视频是卡顿的
4：全面屏要仔细用，摔了内屏很容易碎，我已经换过一次屏幕了
5：手机一不小心就会让你下载你不想下的软件
未完待续，总体不是特别满意。",1
151,手机非常不错，但是好评太多了，大家都看不到我，于是我就想到了这个办法，我是米粉，大家别打我,1
152,我只想知道这WIFI断流问题怎么回事,1
153,联系客服从来不回消息,1
154,手机没收到，只能晒物流信息了,1
155,又降价了，烦人吧！一降降100,1
156,手机开关键总是不管用,1
157,包装不好，手机包装盒还有凹点,1
158,答应的东西都没给。京粉50元卡没给,1
159,手机包装盒上面有褶皱，手机一般,1
160,发货太慢，但是手机还行,1
161,"刚买就降价，日。。。
服了小米了",1
162,手机出现自动关机的问题,1
163,刚买不久就降了两百，真他马的可以,1
164,刚买就降价了，问客服也说不知道,1
165,京东已经不是以前的京东,1
166,把水滴换成了奶嘴这个不好,1
167,刚买一个多月，今天突然白屏,1
168,过分哦，买了没一个礼拜就减价了，糟糕,1
169,买个手机，耳机都没有的。。。。,1
170,说好的无线充电还额外收费？,1
171,一买就降价200了，有点不值,1
172,快递不能按时送达！,1
173,手机拍不了视频,1
174,才两个月现在失零了,1
175,一星给京东服务，其它都还好。,1
176,不防水，手机坏了,1
177,摄像头不平整有倾斜,1
178,有点失望，拍照十几厘米拍不清楚,1
179,买了差不多一个多月，现在还死机,1
180,发烧，指纹不灵敏,1
181,售后换机 没给回我无线车充,1
182,说好的双频GPS，信号差的要死，,1
183,手机玩游戏充不上电,1
184,服务态度不好，三十我是米粉，喜欢小米,1
185,玩游戏卡退好几次了,1
186,买来才几天就降价了,1
187,整个手机都弯曲了,1
188,为什么用电那么快？,1
189,才买几天就降价了。,1
190,手机信号满格网络就是上不去,1
191,说保修结果还要花钱,1
192,昨天刚买今天就降价,1
193,电量是在是太差劲了 其他不错,1
194,页面显示有的赠品不给发不知道是为什么,1
195,真的是是假，内屏居然有破损。,1
196,谁能给我出来给我解释一下！,1
197,为什么有三个孔是堵住的,1
198,为什么在京东自营店买的手机发票都没有？,1
199,才买了5天就降价了，过分了！,1
200,买来第三天死机了，然后退货了。,1
201,为什么我的小米9屏幕上有小黑圈,1
202,耳机孔都没有，唯一缺陷,1
203,买几天就降价200，你耍猴呢？,1
204,真的不上说什么了，前天买的，今天就降??,1
205,MD，我才买了几天，又给我降价。,1
206,卖不到一个月，就免费送无线充电器,1
207,快递没得说，质量跟售后不敢恭维,1
208,包装里面填充物都没有，都不是送货到家的。,1
209,打开个~竟然黑屏了,1
210,收到开不了机，退货又没人来取,1
211,才买了一个月就开始送东西了，果然买的早没好处,1
212,竟然拿个坏的转接头给我,1
213,服了，我刚买没多久，各种活动就都有了,1
214,就一部手机连耳机都没有,1
215,摄像头有灰透明机身有灰,1
216,说的赠品和主打品一起发货，结果没有收到赠品,1
217,服务态度真的差，一直就没人搭理你都是机器人,1
218,换了一次货，摄像头还是有轻微磕碰。,1
219,还不如实体店呢说好的赠品都没有还是实体店好些,1
220,除了像素好 系统会卡顿 哎,1
221,该商品色差过大，体验极其不好,1
222,东西还是可以，但是没买多久，商品就降价了，伤心的啊,1
223,除了手机其他赠品全不能用,1
224,刚买完没几天就降价，靠,1
225,手机充电线充不了电了，坏了,1
226,几天就降价了，明明写了保价，却不可以,1
227,才买没几天就降价也是服了,1
228,用了十几天摄像头突然出现异物，伤心。,1
229,一发烫手机触屏就断触，不愧是发烧手机,1
230,买了一个月不到，降了二百，还不能保价，不舒服,1
231,耳机都没有买什么,1
232,才用没几天这个关机键就有点不好按了,1
233,感觉手机用的不爽,1
234,刚买几天就降一百、以后还是会再降价,1
235,坐等客服上线退货,1
236,卡机两次了，受不了,1
237,有几个小问题，退了,1
238,耳机不行客服赖账，,1
239,标准配置都达不到,1
240,没有送无线充电宝,1
241,小米九真的不好用,1
242,客服服务态度差,1
243,为什么不配耳机,1
244,产品不错，不过中间别的都是快递员的错，所以差评,1
245,买不到一个月就开始送充电宝,1
246,买完第二天降，优秀,1
247,十天不到降价了，还不能保价,1
248,电池不耐造，一天充两次,1
249,没有说的那么好，不值那么多钱,1
250,服了，616买的说全程价保，然后618有优惠券不给价保？,1
251,没送耳机钢化膜，不开心,1
252,不卡，就是没啥送的钢化膜都没用,1
253,手机很好，但是没有耳机，我不喜欢,1
254,刚买就降价，申请报价还不通过，绝了，生气。,1
255,服务态度不好，不是说有价保的结果我的就没有价保,1
256,买了没几天就开始降价，和魅族一个尿性,1
257,手机右上角油漆脱落真怀疑是不是翻新机！！！,1
258,新到手机开不了机，充不进去电。,1
259,用久了卡，不仅手机卡，网也卡,1
260,买来10天还没用降价3佰，不保值，还不能退,1
261,贵重物品都不填充东西的啊，手机外包装有明显的破损,1
262,大家千万不要上当买了用了一天卡了三回,1
263,断流断流断流！！重要的事情说三遍！,1
264,感觉一般，重点是物流真的不行！！！,1
265,视频模糊，问客服告诉~的问题，我也是服了,1
266,刚买几天就降300还送无线充。。。。。不是说618全程保价吗？？？？？？,1
267,前置摄像头不能正常使用。服务沟通  不来,1
268,手机信号好差看个视频网卡,1
269,一次另人不愉快的购物，连小米官网的福利的不如，失败！不爽！,1
270,前天刚买今天就降价，怎么搞哦,1
271,老是黑屏，是不是赶工的都不好，,1
272,不好会自动关机，返修后看一下吧。,1
273,等了一周才发货,1
274,用的我想吐，动不动就卡死,1
275,打王者总是闪退,1
276,买了10天不到就降价100个钢G。。。。。极度不爽！,1
277,不是送无线充电器吗,1
278,刚买两天，就送充电宝了，不爽,1
279,真辣鸡。手机有时候没信号,1
280,看~里面的字都显示不完全。,1
281,QQ的APP登录之后会有卡屏和白屏的现象出现。,1
282,差！！！刚买没几天就降价了400块！,1
283,第一次买小米，为什么耗电这么快？,1
284,说好的送充电宝，一直不发货，订单直接取消了？？？,1
285,到货一周降价，买的红米，到货2天降价，，想死啊,1
286,买了8天才到货，自己看着办,1
287,额，小米的手机用了很多。现在连耳机都不送了？？？？,1
288,像素不行  手机卡顿  不会再买小米了,1
289,感觉手感怎么那么差呢，不会是水货吧,1
290,指纹解锁经常打不开，。感觉有点鸡肋。,1
291,这次最差一次京东购物，四天还没发出一个冲电宝。,1
292,大猩猩玻璃已出现划痕  一个月不到！,1
293,不到一周，死机了,1
294,用了几天死机开不了机，已退,1
295,客服说好的送手机壳和钢化膜，其实并没有~,1
296,破手机，还不如小米8，用着用着就白屏了,1
297,刚买6天就降价了，郁闷。京东能不能退差价？,1
298,断流，网速不好，换几个卡还是那样,1
299,最后悔买的一个手机。刚买小米9不久来一个红米k20性价比比小米9高这么多。,1
300,价格保护是纸糊的吗，说变就变，降了几百块，呵呵！,1
301,打王者总黑屏，真的服了一直黑屏,1
302,为啥我没确定收货，系统自动给我收货了？,1
303,买了两个星期降价了。。。价保只有七天，不是很爽?,1
304,千万不能买京东销售产品不能提供售后保障，产品出现问题需要自己联系商家,1
305,无线充电刚开始怎么放都能充，现在充不了,1
306,没有想像中的那么好,1
307,指纹不怎么好事！！,1
308,黑，买几天就2999 还在让价格保护，送个破礼品值300？,1
309,卡1无法识别，卡2可以，是什么情况？,1
310,手机不错，就是买完就降价了，也不给申请价保，客服也不管，差评！,1
311,手机才用了一个多月，主板就坏了,1
312,什么?⑧手机，听歌听着听着就没声音了，,1
313,东西有挤压 要求退货,1
314,售后服务不到位，客服三句话离不开甩锅，消费者权益得不到保障,1
315,说的无线充电结果不配送无线充电座？,1
316,东西还行，1星送给物流，送的慢，说好的次日送达硬是延误了一天,1
317,赠品呢？几天都不发货,1
318,质量不行，还不如我的小米六，后悔买了。,1
319,感觉不怎么样比我在实体店看的还是有差距,1
320,手C有r候lC有c乐,1
321,买的时候上面有赠品，发来时再问没有了，现在又有了。,1
322,抢购到 七天后才发货 之前没有任何说明 这不是之前在京东购物会遇到的情况,1
323,没有发票，相机照相也不清晰。,1
324,才买一个月就降价了200，,1
325,放电话卡哪出不来，也是服了,1
326,辣鸡，买了就降价，还不支持价格保护,1
327,特别是气，买天没有紫色的，到货第二天就有了,1
328,手机总自己按键，不好,1
329,产品有问题，屏幕有小点,1
330,手机不错，但刚买几天就降价，问客服客服连个解释都没有，说降就降,1
331,我觉得屏幕歪歪的你们感觉到了？这#的是不是假货啊,1
332,可以啊刚买一周就降价,1
333,质量不好，，，准备没有电了还蓝屏还一直闪,1
334,手机品控差，屏幕有黑点，申请换货后还有，,1
335,超差，打游戏没啥感觉,1
336,刚拿到手就 价格就降了200  心碎了,1
337,616买的，618有活动降价申请保价服务还把我京东的红包和优惠券全部全在里面，是不是过分了,1
338,买的时候说送无线钱闪充，买的时候也没说已经送完了了啊,1
339,拉圾，摄像头有问题。,1
340,一个不到月黑屏，#,1
341,手机618当天价格一天多变，2499没及时上车，打算退货，看看其他的牌子手机。,1
342,认真的吗  刚用不到一天  卡下来就这样了,1
343,换货了  原来送的配件都寄过去又回来了  手机膜也舍不得送一张啊,1
344,镜头处竟然有溢胶?,1
345,后盖这个贴片歪了，已经退货了,1
346,连个钢化膜都没有！?,1
347,一个月的时间又便宜了200多块钱。????,1
348,一般般 听筒声音小 还有麦克风声音小,1
349,手机拿来第二天就要更新，结果更新完开机卡住了,1
350,#第三天就自己有声自动重启了,1
351,音质是无法忍受的差呀&hellip;&hellip;,1
352,后盖被人撬开过退换机无疑,1
353,一点保护没有烂成这  没有一点软包,1
354,说是第6代玻璃我就没贴膜用了3天就划了好几道,1
355,买了就跌价！几个意思！,1
356,不送无线充电器，到手看起来也没有那木好看,1
357,声音忽大忽小，有时候无法死机。,1
358,"辣鸡手机
用了不到半个月就死机",1
359,用了一个月不到摔了一次，然后就成这#了,1
360,开机就死机，没法用！去小米体验店买的,1
361,为什么我的手机到了，没耳机，没钢化膜。也是服了,1
362,信号不好，续航也不行指纹解锁不给力,1
363,后盖有黑点，申请换货中，京东物流满分,1
364,不太理想，换了两次还是死机。,1
365,妈的买不到2星期就降价了，呵呵小米！200元啊，还是苹果好,1
366,比想象中的要差太多了，而且配送催促了整整两天才送到手,1
367,透明机身后盖有灰,1
368,Wifi连不上而且耗电也快,1
369,入手不到二十四小时，后盖碎了，不到一个月就降价了??????????????,1
370,该带的东西一个也没带，说好的无线充电宝呢？,1
371,买的手机居然膜都没有？我怀疑可能是别人买了然后退回去的，然后在卖给我？,1
372,不怎么样！有两个刮痕,1
373,使用不到半个月黑屏？nice,1
374,买的时候显示赠送壳膜套装，下单就不送了，理由是送完即止。但是一直显示赠送状态。,1
375,透明机身后盖有灰,1
376,快递包装不行 就一个小盒子  拿过来都坏了。,1
377,小米官网及各网站还在送充电宝，京东居然没有了？是卖的太多了，还是没聊天记录就能不送就不送？,1
378,电池没想象的好，也没宣传的好。,1
379,买了第二天就降200，申请保价都不行说有赠品！想退又嫌麻烦,1
380,用了一个月屏幕就不灵了！呵呵,1
381,后悔的死 卡顿到崩溃  下款绝不买小米,1
382,才用几天手机指纹解锁不灵 &hellip;&hellip;主要是这态度我受不了,1
383,手机wifi问题 没有网速 换个货真慢 不买了,1
384,618隆价那么多，心里不平衡啊，起码送个东西也好，什么都没有,1
385,辣鸡手机，不到两个月就出现两次问题了,1
386,618说赠无线充电宝，结果没收到，只有手机邮过来了,1
387,退货了，不满意。,1
388,屏幕有坏点,1
389,这家店说话不算数的，答应的赠品都没有。钢化膜都没送。,1
390,收到到现在10天，中间掉了300。保价只有7天，血亏。,1
391,这个？刚买了3天？,1
392,就那样，连个耳机都没,1
393,玛德买了不到半个月就降价200块  这个差价能补么  槽,1
394,售后不行！,1
395,服务态度差,1
396,还有杂音,1
397,#才用两天就蓝屏了钢化膜一点事都没有不会是翻新机吧,1
398,相机屏幕一直闪，联系客服没回应,1
399,有点卡,1
400,什么都不用说，电池耗电快,1
401,问题没有解决,1
402,透明机身后盖有灰,1
403,不行，我1,1
404,买完就降价,1
405,明明是在质保期内，还硬是不让我免费保修，我是服了,1
406,降价贼快！能给零星不？,1
407,什么都没送。,1
408,信号不好,1
409,我去，我不管你信不信。我刚才吃鸡充电卡死机了。,1
410,拍照一般般，电池一天至少充两次,1
411,出现过屏幕解锁死机，屏幕发黄,1
412,电池不好,1
413,差,1
414,一个字（差）,1
415,没有赠品了,1
416,没有耳机,1
417,刚买了就降价！,1
418,发票都不给开？？啥玩意,1
419,没有耳机,1
420,刚买完就降价,1
421,真的不好用,1
422,玩游戏有电流声,1
423,手机老贵还少件,1
424,用了3天后壳炸裂还拒绝退货没有小米售后一半好,1
425,屏幕挺高清的，就怪当初没有认真看摄像头。,1
426,会死机，刚买10几天，死机6次了,1
427,手机速度挺快的，就是摄像头不知道怎么就碎了,1
428,送的两个东西，到一个，另一个一直显示备货，没货就不要送，小米的产能也是可以的了,1
429,为什么那里会有一个小小的胶带从里面出来,1
430,小米手机质量值得考虑，才买的怎么会现亮痕,1
431,为什么没有耳机？？？也没有充电线？？？,1
432,屏幕指纹解锁不管用，根本设定不了。,1
433,手感不好，其他还在试,1
434,信号超差差，wife也是,1
435,充电线有点小问题，有可能接触不良,1
436,贴上钢化膜，指纹压根识别不了,1
437,手机经常莫名的发烫，没玩游戏,1
438,手机好不好我不知道，但是没有耳机，开始还没货,1
439,我买的是小米9，你给我发几年前的6？？？,1
440,我想问一下，耳机的为什么没有，在实体店有,1
441,小米你告诉我应用双开打开失败是什么情况，,1
442,打个王者卡死机了3四次,1
443,下订单的时候都显示赠送无线充电宝，可是收到手机的时候就没有赠送小米无线充电宝，这还是第一次遇到，，，，,1
444,这个套餐钢化膜碎了，都售后的，辣鸡,1
445,买完不到几天就降价了，还没有说明，&rarr;_&rarr;这么大的牌子，说降就降，真的是。。。。。,1
446,刚好十六天，黑屏了,1
447,看~会发热，玩王者也没苹果的清晰度清楚,1
448,手机很好 就是上面标注的PLUS赠品没给我  所以给你1分,1
449,屏上指纹一直解锁失败，手机一摔屏幕就坏了,1
450,开不了机以退货,1
451,中奖了。品控真是差。sim卡槽凸出来像多了一个按键,1
452,不推荐，小米重新定义现货。,1
453,下单5天才发货，呵呵,1
454,手机挺好的，就是这个物流不知道在干嘛，转给站还能转错，1号下的单结果到6号才到，迷路了？,1
455,耗电快，网络断流，相素没想象中号,1
456,用了一个月 下了个雨一不小心就进水了 拜拜,1
457,屏下指纹不灵敏，容易卡顿，觉得与价格不匹配！,1
458,嘿别小米，打王者卡住不动了，锁屏放口袋里自动亮屏，,1
459,刚收到手机，就降价300，坑,1
460,这破手机，图二卡成这样，运行内存8G呢？,1
461,这个型号手机描述有无线充而送来没有，还有保护莫没有,1
462,信号差 经常显示无法连接数据,1
463,退了，闪退，黑屏。还卡，点不动。,1
464,断流严重，电池掉电也快，其他还没发现别的问题,1
465,充电发烫，待机时间短,1
466,电池一天三充，真不是一般的烦。,1
467,4.9日小米商城买了redmi airdots ，至今还没发货。 京东买好歹写一个 发货日期。 小米商城什么都没写。,1
468,~未拆封，带京东发票，原价，出个运费就行，,1
469,用过十多天，，没有以前反应快了。跟苹果还是差，,1
470,正在退货中，电池耗电过高一天两充，老人用,1
471,耳机线不配一个,1
472,坏了,1
473,买了一个月官方搞活动送无线充期间还降过价，老用户猪狗不如,1
474,态度不好,1
475,手机没什么问题    但是什么都没有送，快递只有一个手机盒  连个耳机都没有送    唉  失望,1
476,没有理想的好，今天刚到手的新手机  玩个游戏都能黑屏？,1
477,经常有些小bug，比如中间上划有时候要划很多次,1
478,不好，极差,1
479,耳机都不送一根的吗？一样赠品也没有,1
480,信号太差，其它都还好,1
481,蓝牙是坏的,1
482,不理想,1
483,电池确实不行,1
484,买完就降价,1
485,手机指纹不是很灵活，有时好用有时不好用，不知道跟啥有关。,1
486,不是送壳膜套装吗？拿到货怎么没有呢。拿到手机看你京东还有送壳膜套装的活动呢！,1
487,买了就降价，辣鸡！屏幕指纹在口袋总是误触,1
488,买了就降价,1
489,卡卡卡卡卡，放在口袋还经常乱拍照，左边那个键到底有毛用？,1
490,第一次用小米手机，收到两次都有质量问题，第三次换货收到的还可以，最让我接受不了的是7月12号收到的第三个手机到27号就降价了200才半月时间啊,1
491,退了，退货还和京东物流吵了一架，我眼睁睁看着他把膜弄烂了，他居然说我拿来是烂的。,1
492,清晰度不好感觉   不知道咋回事设置密码弄不了,1
493,什么都没给，就给个裸机我的天，钢化膜都没有,1
494,写着本地仓，外地发货，没拍时候的送货时间和付款后的不一致，居然拍了没客服理我。,1
495,第一部后盖缝隙进灰 ，第二部绿屏 只能说这是换了第三部机才正常，过多的不想说了,1
496,第一部后盖缝隙进灰 ，第二部绿屏 只能说这是换了第三部机才正常，过多的不想说了,1
497,这个问题，有点大呀！才几天呀,1
498,"没到24小时,屏幕就黑屏",1
499,没有防触碰，老是从口袋里拿出来就是&ldquo;手机被锁定30秒&rdquo;,1
500,等的不耐烦了，而且没有原配耳机，,1
501,感觉网络连接并不怎么稳定，游戏卡顿现象比较平凡！吃不消！,1
502,用两个月了，出现了两次卡死，然后强制重启！,1
503,抢了，7天才发货，不带送耳机，和钢化膜,1
504,怎么没有无线充电器？？？？,1
505,玩个王者荣耀把把闪退是要干嘛？我以前660的手机都没问题。小米怎么855都这样？,1
506,自我感觉不理想待机不够长而且这个指纹不灵敏我半天解不开,1
507,昨天刚收货，今天就看到赠无线充电器的活动，这是什么意思,1
508,虽然服务态度很诚恳，但还是抵不了由于质量问题引起的愤怒?,1
509,质量一般。手机还算行呢，电池不耐用。,1
510,怎么说呢，买了不到一个月掉价200，嗯，好吧，解锁不灵敏，其他还可以,1
511,买完一周降二百，谁的钱也不是大风刮来的呦。以后惹不起了,1
512,这么快降价，不补差价。客服各种敷衍。20天降三百，商家是真的黑。派送挺快，手机还行，一般般。,1
513,用一天后，手机就一直重启，新手机？？,1
514,"不怎么样建议大家不要首选
这这款小米9的电池不怎么耐电",1
515,第一次买小米的手机，3300买的手机配件最少要30天才给我那请问配件都没有为什么还要卖这个手机？,1
516,辣鸡，玩游戏突然闪退，中度使用一天三冲，,1
517,摄像头突出，送的壳不能保护，边框磨损坏了。设计师是真烂,1
518,各方面都很好！就是电池不行！是真的不行！！,1
519,好慢的物流,1
520,手机后盖里有灰,1
521,差,1
522,挺厉害的，拍照都是一线天，可能让我赶上了吧，然后就是电池半天不玩就随时看个~就一半的电！厉害不,1
523,WiFi总是连不上,1
524,手机电池不行，一天充四五次电，小米没有想象那么好用,1
525,手机很好用，拍照很清楚，就是发货太慢了，小米无线充太难抢了。,1
526,哦霍。刚买就降价了。,1
527,意识有待提高,1
528,已退货。与客服，投诉处理中。。。。。。由于客服流程处理错误，赔偿协议谈不拢,1
529,手机有闪退，充电时发热的毛病。,1
530,相机有问题，慢动作相机，晚上拍直接黑掉，开灯情况下,1
531,小米通病，电池小，黑屏，我刚买就给我黑屏了，闪退唉,1
532,没有插针，会不会是别人退货的商品。而且赠品完全是噱头，谁知道你有没有赠完,1
533,不知道大家有遇到我这种情况没，只要去人多点的地方就上不网，手机信号满的，看到别人耍手机。人再多点别人还可以时不时上网，我只有望到起,1
534,不到3个月，屏幕突然自己黑屏了，在申请保修中.......,1
535,"1连个防触摸都没有
2指纹解锁慢加不灵敏
3电量不经用",1
536,触屏不灵，耗电快，好卡,1
537,其他还好，玩游戏断流严重，到手里还没一个星期，出现过好多次了,1
538,买来第一天，导航不能定位，系统还是没有华为好，退货！,1
539,一般，就是送的壳膜套装都三四天了，还没到，所以只给1星,1
540,触断能别拿来卖了吗，一梭**都不能打出来，还卡壳呢,1
541,网络信号极差，数据经常连上不能使用。网速慢。,1
542,突然就打电话就听筒和扬声器免提转换不过来，只能免提不能听筒。,1
543,感觉被肯了，玩游戏的时候屏幕上有一条白边,1
544,手机送过来就红外线用不了拿去小米售后才弄好这个弄了好几天一来就有问题   而且路上这个盒子也是各种破的,1
545,用了不到二十天就卡屏了，动不了，只有重启可以,1
546,京东的快递能不能包个纸箱子，盒子都怼成这样了。不想多给星,1
547,包装随便包的吗？其他的都可以，就是那个包装 我还是第1次在网上买上机呢  想支持一下小米  结果太令我失望了,1
548,才用了三天  机子就卡成狗屎了   建议大家别购买,1
549,手机使用3天莫名黑屏了，关机也无法关，内屏似乎有问题,1
550,请大家擦亮眼睛   我买了半个月手机就坏了  从来没有评论过   小米9,1
551,为啥耳机没有,1
552,换了两台  都退了  质量有问题    加多一千入手华为P30,1
553,6月8号买的，就是看有半个月的价格保护就提前买了。今天618了降价300多居然补不了，客服也不理了,1
554,网速差，耗电快，发热，总得来说不太推荐,1
555,手机还可以，就是我刚下完订单，就送耳机，就是不给我补，呵呵，客服敷衍了事，问的问题回答了等于没回答，差评，打给客服。,1
556,卖了小米8，买了小米9。不好意思，可能我要退了，对小米的网络再次失望,1
557,充电发热，,1
558,为什么紫色就有送 蓝色就没送 客服也稀烂。 手机还行 物流也可以 客服应该0星,1
559,才用一个月，结果手机录视频的时候居然有噪音，都不知道是为什么,1
560,手机系统不太好，广告太多了，颜值也不行,1
561,贼费电 不吃鸡 一天勉强  吃鸡一天三次 充电器不离手,1
562,手机不好用  ，老是跳屏，,1
563,多亏了4800 万像素我才能发现这个数据线是旧的。,1
564,4月22日，退了一部接电话间断失声的小米9。客服说手机会报销不会售卖了我不信。它会落在谁手中呢？?,1
565,这快递包装简直了，什么也没有，直接套个盒子,1
566,没现货你卖个@啊？还抢购的，等了4-5天才发货！,1
567,呵呵了，买了一个月，就卖了,1
568,膜和手机套都没货。推后几天发。没有耳机。上午八点买的。说的当天到。结果第二天才来,1
569,实在不想吐槽，掉帧延迟，断触，一局荣耀，至少3次断触,1
570,1颗星给配送员的！王者荣耀体验一般，首次充电1小时才满！,1
571,昨天才送过来今天就降价不是说有保价吗？,1
572,网络信号不稳定，经常连不上网，必须重启才行！谁来给我解释一下？,1
573,手机是不错，但是下单的时候说赠送无线充，结果发货是没有的，欺骗消费者,1
574,实在不想评价这个断流断触的手机，退货了。,1
575,手机使用常出现屏幕滑动无反应，经常信号不稳定！,1
576,用了第三天，王者出现异常，客服服务态度是真的差，佩服,1
577,不是说618当天买会赠送一个无限充电设备么，询问官方的时候明明有赠品，但是客服和官方互相说不清楚是什么意思？问的时候参与活动，问完了就不参与了？,1
578,就是一坨屎，什么#质量，没几天出现划痕,1
579,为什么跟别人打游戏，人家都没有460我这怎么一直460啊，,1
580,两天前刚买的米9，今天就发布了性能更好价格更低的K20Pro，感觉自己是个#，脱粉了...,1
581,京东物流以速度闻名，本以为按约定时间第二天可以收到，第二天看到物流信息没更新，询问客服才知道配件没货所以没发，后协商处理可以先发机器,1
582,果断退货,1
583,不好，放在口袋老是会唱歌，关掉又唱烦死了,1
584,坑比啊！居然降价了,1
585,打吃鸡断流，跳屏，手机容易发热，指纹有时候识别不出来，,1
586,手机不好用。还卖这么贵。闪退卡死还黑屏。买了没过几天就降价。还说什么保价。,1
587,卡卡卡卡卡死机不动，，换了一次还是一样的问题现在每天卡几次烦烦烦,1
588,刚买1天就降价311，要吐血，没别的1星是给降价的,1
589,买到手我的手机插耳机转接线的时候有些松动什么情况，还有音量乱跳,1
590,小米的品控确实有待提高，打电话经常自动挂断申请售后给换货了，但是新手机到手里检查外观屏幕和中框位置还是有一点瑕疵。挺失望的,1
591,问题机/翻新机建议大家购买时检查清楚是否问题机/翻新机,1
592,屏幕膜下居然有沙子，不是一粒两粒，我**买红米都没遇到过,1
593,刚买第二天，进~直接重启，搞什么啊每次进~都是卡卡的,1
594,手机信号不稳定无论是SIM卡还是连接无线网都不好！ 电池小一天都不够用,1
595,信号差一点直接上不了网，我用了4年的mate20都比它好,1
596,第一次充电发热  坑货,1
597,客服态度不好    说带无线车充   没给带     以后在也不会来了,1
598,收到手机有问题，电量消耗太快，客服说电池有问题。所以给我换货，但是没想到居然给我退钱了。,1
599,购买回来带套带壳，没摔过，一个月后无缘无故黑屏，去售后说内屏裂了要790，一脸懵逼,1
600,"1.放口袋会亮屏
2.车载蓝牙不识别
一台这么多bug的手机为什么要上市",1
601,用了两天。今天早上打开~的时候突然黑屏自己重启了一下！不知道啥原因！,1
602,什么鬼玩意儿的现货，等了七八天。,1
603,听音乐老是中断，听喜马拉雅的时候自动跳台，客服说是APP的问题。大家看看这服务吧！,1
604,千万不要买，耳机都没有来京东就是来买个放心的，没想到啊，呵呵了?什么都没有送！,1
605,刚买完就降价100？！！！,1
606,就在写这条评论时，又断网了。也不知道咋解决，唉，苹果过来的，该选荣耀20p的。一打游戏就断网，服了。。。,1
607,边框充电漏电,1
608,手机发烫，有时候还会卡，卡一下就什么都不好使了,1
609,质量差。才启用2周即出故障，触屏所有功能失灵。,1
610,没有耳机，也没有无线充电器。第一次买小米，不知道是不是小米就没有耳机还是别的原因。,1
611,小爱同学会自动跳出来，屏幕解锁后会自动登陆王者荣耀，其他小问题我就不说了,1
612,什么都没送，以为送无线充电器的，哎，比~易购贵150多，还没任何赠品,1
613,小米9手感很好，就是质量不好，我买到是翻新机，还是别人用恶心！,1
614,手机很好没话说，但是发货时间太久了，19号写的可是现货抢购呢，结果第六天才发货，不过客服小姐姐服务态度不错,1
615,没什么新意，就是一些旗舰的堆叠，拍照鸡肋，而且是不防水的哦,1
616,用了一段时间开始出现了。轻微碰撞一下就自动关机了。搞不懂。。,1
617,包装太次了，盒子里面就一个盒子，手机盒子有点压坏了,1
618,这是第二个，第一个用了3天前摄像头进灰尘，第二个全面屏这样,1
619,用~拍摄小视频为什么画面一直闪？第一次开机出现卡顿现象,1
620,居然定不了位置 买的时候就是看雷军介绍的双GPS买的 还不如我以前的手机 没网络都能定位,1
621,还行吧！缺点明显电池太小耗电快！其他的还好！耗电快耗电快耗电快,1
622,"买给朋友的，他说锁屏不能开启防误触，老是自动拍照,体验极差?",1
623,信号差 之前玩游戏卡我忍了 现在QQ都会卡住了。。。,1
624,屏幕有时候会失灵  要重启手机才能政策用 基本每天都要弄一次,1
625,抢到五六天才发货，说好的现货呢？另外电池是真不行,1
626,对手机充满了爱意，但是对发货的速度心里充满了#。十天才发货。,1
627,14天之后，在阳光下底部有条蓝线，有没有和我一样的,1
628,手机速度挺快，但是手机瑕疵还是有，右上角圆角边有牙缺现象&hellip;,1
629,用了半个月贼@费电不说了还三天两头死机。。。。,1
630,没有充电器&hellip;,1
631,显示屏在弱光下能看见破损了裂纹，肉眼能观察见，照相无法看清楚,1
632,信号不是太好，电池不耐用。一搞就变成了3G，打个游戏经常打的就卡了没网,1
633,直接卡死了 死机了 赶紧退货吧,1
634,嗯，真好，作为一个米粉，还真的以为自己抢到了，然后我呵呵，不愧***，第一次，退货了，退货,1
635,20天就坏了，小米666,1
636,手机Nfc功能不能用，手机经常闪屏，怎么回事呢？没人解答,1
637,打开qq看点视频，就会闪屏闪退，还有五八发布信息选择发布的都是闪屏,1
638,一点都不好，建议大家不要买，送过来已经打开了的，后面还有划伤，说好送的赠品也没有送，服务态度也不好?,1
639,别的都挺好，就是这个电池真心受不了，什么也不干，8小时就快没电了???,1
640,大家不要买了  我买的出了质量问题  发回去说给我换新  结果  就是手机换了个外面的塑料膜就原封不动的给我发回来了,1
641,不建议买 直接看图  打开有指纹 包装坏了 充电器有划痕客服不解决,1
642,手机不好  在兜里老实锁不住屏 老是拍照，别的都还好就是手机锁不住屏,1
643,屏幕显示效果极差，看久了眼睛不舒服，不知道是不是京东发的流货给，,1
644,用电快，网络差，屏幕不灵活有时按了没反应。不知道是不是我这台有问题。,1
645,电池在不打游戏的情况下8个小时都用不了，手机放到口袋容易碰到紧急呼叫和拍照录像,1
646,听筒破音 已退货 可惜我买的手机膜了 一次失败的购物,1
647,新手机就下拉失灵。这都没什么。关键找客户。只有人机回复。,1
648,收到质量有问题，摄像头是歪斜的。立马退货，还要自己送去营业点。@人。,1
649,我也算米粉，从小米2用到小米9，第一次发现刚买的手机一周不到，看视频出现花屏，黑屏状态有声音没画面。,1
650,可能是我运气不好，第一天到的手机第二天就不能用了。屏幕失灵 ，解锁都解不了 怎么玩？,1
651,手机刚到拆开以后开机就屏幕不灵，触摸有问题根本没法使用第一次在京东买就遇到这种情况唉,1
652,上午定 下午到 京东物流很快。主页上说有耳机赠品没有收到？也没有回复 不开心！！手机本身没什么问题，暂时就这样～,1
653,"新机后盖有明显划痕
快递直接加盒打包，没填充",1
654,送货员态度差，说19号可说晚上8.9点可以送到的我等到11.30了他竟然说不送了，第二天早上才送，手机也不好，还没玩就发烫了，耗电也快,1
655,电池有点不耐用，一天要充电两次，有时会卡，死机！才买了一个星期,1
656,手机会发热就不说了，居然拍照时会闪！小米售后居然说无法解决！这米酒，，，,1
657,快递员态度恶劣，要求11.30到县城拿，否则过时不候，我住在县城旁边的乡下怎么就歧视我了？农村人这么不受待见么？,1
658,可能是康宁小星星，两天没贴钢化膜就有划痕了?。信号差的要命。谢谢雷军,1
659,买的壳膜套装，坏了换货就只换手机，难道膜贴了还能再揭下来重贴？本来挺喜欢京东的，但这次真的挺不爽的,1
660,第一次买这小米，没想到体验这么差，囗袋误碰率%100,1
661,换回来的还是有问题的手机，导航信号弱，经维修站鉴定为导航模块有问题，是小米手机有问题还是京东有问题,1
662,呵呵呵，晚上十点睡觉还有百分之五十的电，早上七点多醒的就剩百分之八，我问客服什么原因，他只给我模板答复。。。小米呵呵呵,1
663,这才不到一个月，坏了。只是往床上扔了一下屏幕就不能用了，玄学？什么品控啊,1
664,什么网络？？？,1
665,就是电池掉电太快了，还有玩王者严重发烫，其他方面还可以。玩游戏的不介意买。,1
666,我的肯定是用过的，别人的都是透明壳我是黑壳，而且看视频花,1
667,使用24小时，无故重启2次，不知道什么原因。,1
668,就外观而言，我不是很满意    多处缝隙太大。   手机盒磕碰。咋使用过程不是传言中的那么高,1
669,京东的东西真的不行，这么贵买一个手机，回来没有耳机，没有屏保，快递还破了个洞，手机质量也一般,1
670,拿到手感觉还行，不知道以后用着怎么样，后面会来追评，就是没有赠品充电宝了，不高兴,1
671,这就是你们说的拍照清晰？开了广角镜头是正常，不开的时候屏幕全是条纹。,1
672,发热。像素一般，不太流畅，3000多元就这样吧下回买华为试试,1
673,这是我换的第三次小米9，之前是后盖有黑点，现在是摄像头有灰尘，退货，京东速度很快,1
674,发货有点慢，着急用手机！！！想想还是算了吧一向是这个样子！！！！！,1
675,电池不耐用 系统不敢更新 更新后30小时变成13小时了,1
676,泥马才入手几天用着用着就出问题，！4g网下什么都加载不出来，打开软件就是空白,1
677,屏幕有错层，跟他们说了，就让我换个壁纸试试，也不给解决，不是七天无理由退货嘛，我就退货了，退货之后还扣了什么发票钱，我也没开发票啊，他们就把钱扣掉了！！,1
678,手机自己突然就响了什么软件都没打开也不是闹钟。响两个了！每次都重启才不响！,1
679,玩王者荣耀出现了卡顿，就是赢游戏的时候，退不出界面，就卡住在里面了，又要退出又要重新登录,1
680,手机不说什么了，充电宝没有货不提前说，等了三四天问问才告诉我说缺货，至少还得等十天，地址不能换，东西不能退，让快递员转寄，我自己掏邮费，我想说这是什么服务,1
681,太慢了，7 天发货伤心，刚到货用着倒是还不错，就是电池不耐用估计平常用不到一天,1
682,我服了 新手机不到3天 屏幕失灵 用小艾同学重启才行 能给解释？,1
683,耳机转接失效，无法使用耳机！！反人类设计！#设计！,1
684,稍微太耗电了，手机到手感觉挺好，就是耗电太快，只能随时携带充电器,1
685,什么情况，东西一到家成这个样子，让我怀疑这是个被动过的，不过快递叔叔服务态度挺好的，就是对这个手机盒特别不满意，手机还行，没有什么问题,1
686,感觉手机充电非常烫手，后膜都不敢贴了。手机发烫现象比较严重，其他的都还好。,1
687,有白边。。。??,1
688,两三个月生活费买的，送给男朋友，居然体验差！送的接口居然说坏的！！！,1
689,用了不到一个月，前摄像头就满是灰尘，真没想到会这样。唉！！！,1
690,***，近距离视屏会出现刺耳的声音，还有上次关机还有些问题。黑屏。以上均属事实。,1
691,差劲死了，两张卡显示不出来，WiFi开不得，三千块手机只能拍照吗？,1
692,手机还行，去实体店看了很久才买的，毕竟不玩游戏，唯一不好的是不送耳机，没有贴膜，屏幕没有保护膜,1
693,外包装是被打开过的，旧瓶装新酒吧，手机查了imei，是新的。  促销期间的电商估计都这样吧，降点价给点赠品就能重新包装了？ 这就是我的体验，事实描述完毕，看官自评吧。,1
694,不知道整个物流怎么完成的，延迟一天送到，而且配送的位置还是我更改送货地址之前的位置，过程中也没有对我订单有任何状态修改，体验极差，希望改进。,1
695,流畅挺流畅的，但是这个电池的续航是真的短，新手机一天要充两次电。谁买谁后悔。谁卖谁后悔。,1
696,后面摄像头太突出了，拍照前后摄像头都一闪一闪的，退货了,1
697,手机买了几天，发现时不时的会显示少一张手机卡，我有两张手机卡，但是它只显示一张。,1
698,一般般，用了两天，有次点开小米云直接卡死，然后自动重启，不知道啥原因？,1
699,这一款是屏幕有问题换的，没想到新的还有同样的问题出现，开始质疑小米的品控了。,1
700,不好使，碰到屏幕就振动，用一个月没到就开始卡了！扬声器噪音，不够清晰！,1
701,哎在线咨询客服啥也不知道光知道发链接快递也比不上~东儿啊你这么搞下去没有优势了啊要完蛋啊,1
702,以后谁再用小米，谁亲妈暴毙，我就服了，这才两个月，原装充电线就充不进去电，充其他手机就没问题。。。。66666,1
703,硬件都差不多，一个应用商店一个天气，到处都是广告，屏蔽都屏蔽不了，,1
704,这个手机有时候有线充电有时候充不进，也插的很紧，要重新拔一下再插上才能冲的进去电,1
705,手机网络差怎么回事啊？为了高配置把最基础的上网功能都阉割了么？,1
706,手机还是不错的，但是网络极差，不是我周围信号不好，手机本身有问题,1
707,货还没到手，手机就报废了，**。,1
708,一个月不到    就降价200   真是弟弟行为,1
709,一个月不到手机屏幕就莫名其妙的黑屏了，按键又可以用，这是什么质量突然就黑屏变砖,1
710,我之前用过一个小米手机4，使用效果一般，我觉得小米经历了这么久，应该好使了，结果现在还是不行，，，拍视频都卡！！,1
711,我想问为什么老子刚买的会出现别人的照片，给我一个解释,1
712,"用了一个星期就出现卡机自动重启的情况   gps定位不准确   
然后排名第二的别人家我这边版本  8+256卖3489  不想说啥",1
713,用了几天，发现网络不是一般卡，连WiFi玩游戏也能卡的一顿一顿的，体验极差！,1
714,这黑色的点点是什么，你告诉我这是什么，今天刚买到手就有，不是脏东西，是不是旧手机翻新的，这种不良品你们也能流出来,1
715,用了3天，电池炒鸡不耐用，早上充满，待机到下午只有15%电量了,1
716,不知道你们用的怎么样，反正我这个破手机卡的要死。时不时的屏幕无论怎么点有没有反应,1
717,电池不禁用，总是自己打开相机，放在兜里老是拍照，总之不是很满意,1
718,不是双频GPS吗   不是可以不看路也一样可以开车吗   为什么我导个航都导不了   信号永远是弱的,1
719,通话音质基本听不清楚噪音 屏触摸不敏感多次安不动 多次关机退出软件,1
720,无缘无故老是跳到2G网,1
721,包装过于简陋，填充物都没有，手机盒子都轻微变形，还有就是小米手机的指纹解锁不灵敏,1
722,到手就是这样  过了段时间才发现  还说不在保修范围内 到手一直戴着手机壳  没摔过也没磕碰过,1
723,"京东快递不如以前了，手机来了盒子拐角都碰坏了。
手机屏幕总是出现没有反应的情况，已经退了，挺失望的",1
724,为什么无线网连不上，重启后才能连上。话筒有时听不到声音。,1
725,放在口袋，自动播放音乐，自动拍照，自动输入解锁密码然后被锁定，早知如此绝对不会买,1
726,没有想象中那么惊艳，也没想象中那么好用，总之不是像宣传的那样,1
727,充电容易发烫，经常4G、wifi断流，偶尔出现闪屏。,1
728,指纹解锁不行，刚开始多按几次还能解锁，到现在用指纹怎么都解不了锁，指纹支付也不行,1
729,"玩吃鸡能发烫到煎鸡蛋,充电时烫到怀疑会爆炸.",1
730,这个花屏是什么鬼啊。拿到第二天,1
731,"上午拿手机，下午开机电池%65
三小时就没电了，导航发现GPS不行，别的问题暂时没发现",1
732,这个指纹的意义何在，我都不要求它快了，连解锁都解不开,1
733,回来不到两个月就出现闪屏，打不开的情况，13号返厂休的，到现在连消息也没有,1
734,刚到手一天，看着挺漂亮的，就是摄像头是凸的。上网好卡啊，断流严重。,1
735,惊讶，type-c线居然是坏的，体验感觉不是很好，其次就是包装有点坏，但买的是手机不是包装，这一点也是可以理解的。,1
736,到手不到一周，在有钢化膜和手机壳的保护下从不到50cm的桌子上掉下来了，屏碎了，质量堪忧，买着谨慎！！！,1
737,用了差不多一个月的小米9了，我才发现原来无缘无故突然断网和玩游戏自动黑屏才是它的特点。,1
738,刚拿到手就发现相机有问题，生气！重启很多次没有用，已申请退货！,1
739,打着无线充电器器的**，结果没有配无线充电器，而且耳机都要自己去实体店买，在也不会买小米了，退货,1
740,26号11点前下的单，承诺的当日送达，没有送，26号活动的无线快充赠品也省了，只能说一句呵呵了,1
741,刚买完就降价，价格保护也没有说有赠品，就一个手机软壳又不是我自己选的赠品，服了,1
742,"物流慢，再加上才用半个月电池就损耗了二百多毫安！


这手机 可以当个平板用！",1
743,不知道是怎么回事~经常出问题自动黑屏或者无缘无故显示有消息删了还有，体验极差,1
744,第一次用小米 这手机听歌声音还会自动变小 一直到0  为了个手机 还得换耳机么  还不如直接换手机呢  再也不买小米手机了,1
745,手机还在用，感觉有一边感应不好，赠送的卡跟实物不一样，上面说是50元的卡，收到的却只有5.6毛钱的卡根本没有50元,1
746,换了，打电话突然没声音对方也听不到我的声音&hellip;&hellip;,1
747,手机没有想象的好，听筒音量有些小，有时听不清。电话接续慢，通信功能一般,1
748,米酒，买来没几天充电头坏了，手机打电话听不清，通话差劲，退货了,1
749,手机满格信号用4g竟然网页打不开，今天莫名其妙自动重启，wifi满格信号下载应用就300k，老款手机还1.5兆呢,1
750,容易抢到不知道是不是正品因为买了一次用机身带的~地图位置不更新选择了七天退货又抢了一次用了还是那样~地图位置不更新卸载再重新下才好呢不知道这是怎么回事。,1
751,手机耗电太快了，追求续航的不建议用小米，大夏天也像个暖手宝，其他还行，就是快递太慢，打开外包装发现手机的盒子四个角都磕坏了，忘记上图了，快递太慢，1星就是要给你,1
752,手机不支持防误触模式，不支持防误触模式导致耗电增加，但是游戏体验倒是极好的,1
753,没买的强烈建议不要买，换了台新机用了不要3小时有个上台手机一样卡机死机重启，有图有真相,1
754,手机还好，一星是给京东的，没货还卖个毛线啊！还有包装已经摔得到处是伤！,1
755,为什么里面有57条短信  还有54位联系人 ？这是个二手吗？,1
756,"买了半个月就降价了。。。价保也过了，怎么说呢。恶心。。
使用体验的话还行吧，就是无线充电特别热，可能跟天气有关，有线充电跟我手上别的品牌的手机发热差不多。",1
757,"除了系统好就没好的了
在大街上居然有充电标识吓人",1
758,这手机电量就是设计缺陷！大半天都撑不到，其他再完美有啥用！,1
759,买了2台，接听电话声音开到最大，根本听不清对方的声音，必须开免提才能听清楚，这个问题不是个别呢,1
760,买了2台，接听电话声音开到最大，根本听不清对方的声音，必须开免提才能听清楚，这个问题不是个别呢,1
761,手机有掉漆，然后使用到昨天发现会自己误触。我觉得这机子内部有问题，已经换过一次了，真烦,1
762,6'18买的，昨天就死机不会动了，一直到今天早上才缓过来，才用了11天，就出现这种情况，今后的体验会更差吧,1
763,建议大家不要买，小米真的越做越差了，电池用不了几个小时，晚上睡觉百分之三十的电，一觉起来就没电了。,1
764,差差差，手机都收到几天了，先不说手机好坏，赠送的壳和膜还没到。没货就不要搞赠送什么的，手机送人的原来让对方不用买壳和膜，现在都不知道寄到什么时候才能到了？,1
765,一般吧，用了一段时间。充电变慢了，一个小时才充了20多个电，这个不知道是什么问题。,1
766,电池不如小米8耐用，还经常两张卡一下就没网，等几秒又恢复，就像切换了飞行模式一样。,1
767,信号巨差，同样的地方。一样的卡，别人能用。我的不行，~系软件更是负优化。网络只有更卡没有最卡,1
768,用了没几天，打电话显示没有移动网络，不能接打电话。要重新开关飞行模式才行，辣鸡,1
769,你好，我想问一下，手机刚买还没有半个月，就出现了开屏开不了，重启才能正常开屏，出现卡顿是小米手机的正常现象吗,1
770,不吹不黑，请~:1.小米九锁屏指纹解锁速度慢2.小米九锁屏状态下打开相机3.小米九续航能力,1
771,用了一个月多了，打王者启动时网络没问题，游戏进不去，需要重启手机再进才行，其他感觉还行，就这一个方面可恶心死我了，气的真想摔了,1
772,说实话一般,1
773,手机很一般。外形太过笨重。有时候会有点闪退。电池充也快，用也快。不经用,1
774,自动会切到E网，而且要手动开关飞行模式才会变回4G，感觉买到一个垃机,1
775,这手机，不送耳机，不送钢化膜，客服还不咋的。第一次用，保证以后不在买小米了。,1
776,买了两部，先买的没有壳和膜，才两天，手机毛病也一大堆，没有防触控最不能接受，可惜不能退了。,1
777,电量消耗非常快，感觉电池的电量不耐用，其他都还不错，就是电池太差了,1
778,耗电速度也太快了吧，早上6点开始用，下午2点就没电了，还是希望能够增大电池，优化体验！,1
779,说说手机，音量键过于松动就算了，但是呢摄像头有灰。小米客服说是正常我就。。。。。机身还有划痕，京东的服务还不错,1
780,说好的送充电宝呢都#4天也没送来搞不起活动就不要搞早知道就去~买了京东变了还有就是客服全是机器人没一个活人手机还行,1
781,3千多的机子还断流，小米并不是什么高配~而是某些不在台面上的参数降低了，处理器更新了而已。什么价钱就买什么手机。,1
782,手机上两处地方有黑点，就是这么做的手机？(不是脏的擦都擦不掉，在屏幕里面)呵呵了～,1
783,充电宝一直不给送 我退款然后人家说赠品不退 就是为了充电宝来的什么意思啊 充电宝没给钱也不退服气你们态度,1
784,这才一个月手机，触屏已经有问题，我买的小米9为什么突然间，电话接不了，解密码解不了，关机也关不了？,1
785,都说小米解决手机发烫的问题了，但是在用的过程中还是发烫。就是平常用的过程中发烫。,1
786,收到新机第一次充电 发现插头插进去后是歪的 联系京东换货 已经取走 还要售后检验看是否人为。。。等待后续结果中,1
787,手机屏幕容易断触，手滑灵敏异常，音效处理方面容易出现音效错乱，比较差劲可能不会再期待小米产品了,1
788,盒子看起来像是摔了的，到手第一天下了个QQ飞车，结果黑屏，死机，充电都不亮屏，联系客服说要核实才能退货，不能无理由退货，才刚拿到俩小时，醉了，开通会员才可以无理由退货，哎！,1
789,"手机很满意，但是对京东不满意，6.1号买的赠送充电宝,6.16号降价200不送充电宝。说好的全程价保，有赠品就不能价保，就要扣除赠品钱，~这无线充电宝啊，有用吗，值两百？",1
790,断流,1
791,手机第一天屏幕陀螺仪出现问题，更新系统后屏幕出现抖动现象,1
792,为什么这个手机的信息会这么差，同一家运营商的卡，同一个位置，和小米5放在一起，竟然比小米5的信号差了近20db。,1
793,相当一般，期望高了，后悔难免，将就着用用。如果不是水滴屏还能勉强。总之路变黑,1
794,好多华为有的功能 小米都没有  后悔买了小米了   耳机不送 膜也没有  除了按亚指纹别的 也没什么啊,1
795,手机用了一个多星期了，别的还好，我就郁闷了，为啥没有防触屏功能？放口袋一直触屏，一直有声音，三千块的手机居然没有防触屏功能，我醉了，能不能改善下？,1
796,强行买手机壳才有货，现在手机拖了几天到了，手机壳是本地货却不见踪影。我没赚，京东没赚，那么请问到底谁赚了。,1
797,一星。发货又慢，屏幕中间黄上下白，比我以前max2还要差。懒得退,1
798,手机是真的差劲，已经换过一次了，指纹识别整个屏幕都变色，刷网页高频出现无数据现象，间断替你断网，能省很多流量，唯一亮点物流比较快,1
799,米9还不如米5好用，nfc功能是假的。另外下单后取消订单，米9还是送货了。,1
800,断流，连我三年前的华为p9稳都没有，玩个王者荣耀延迟是不是跳一下，唉,1
801,不说什么性价比，但是这个无线断流太频繁了吧，电池耗电太快了也是个硬伤，其他的暂时没有发现问题，手机挺快的拍照也很好,1
802,买回家在小米应用商店下载应用，每次下载都会重启，恢复出厂设置都不行，了解wifi也老是断掉，每次断掉都会重启,1
803,用了一段时间才来评价的。一、~会自动退出二、玩吃鸡游戏卡得不行了三、会黑屏。不值这钱，还骁龙855，买这手机有点浪费钱,1
804,质量不过关，摄像头和后盖之间有大缝隙，屏幕左下角有不知道怎么描述的瑕疵，都很明显,1
805,手机有问题，~通知无法实现顶部跳出来通知，所有权限都开了。系统也升级了，还是没用。,1
806,手机信号不是很行，显的4g+就是没有网，而且，在市区的导航弱从城南到城北都是一样的。wifi连上也是有时有信号有时没有。,1
807,用了几天玩游戏时候感觉边边角角不太灵有时候按半天也不好使又出现和我一样问题的的嘛,1
808,京东的配送没有任何毛病，就是这款手机，我很迷，之前因为故障，开不了机换新了一次，现在又出现屏幕触控不灵，卡死的现象,1
809,续航不好。平常使用也不怎么卡顿。凑合用吧。便宜。总是在兜里误触，拨打电话。乱七八糟。,1
810,手机外观功能一切正常，屏幕不知道是出厂瑕疵还是怎么回事，屏幕全白背景的时候靠近底部有一小块淡淡的花屏，由于在手机下半部分，我就没有要求换机了，但是心里很不爽，所以不能给好评！,1
811,手机充电慢，还没我OPPO r9充的快。专门用了一个星期才来评价的，有时候要死机，总体感觉一般般吧,1
812,用了差不多一个月了充电很快电池很快用完 总体来说不错 气愤的是后摄像头我用，湿巾纸，擦了一下，然后摄像头有点进水了,1
813,话不多说，老铁们看图，第一张是我手机，问了客服情况给的回应是没有过这种情况的反馈，所以是只有我手机有这种情况?,1
814,哎，一言难尽,1
815,屏幕指纹比不上ov慢吞吞的，手机放桌面上屏幕指纹就解锁不了，还得拿起来，电池不经用，不过手机确实薄,1
816,外观好看，手感不错，用了快2个月了运行挺快的，但是经常网络不在服务区不知道是什么鬼，电话经常打不了，联系售后了，只说寄回去维修，新机就要维修吗,1
817,信号不知道为什么这么差，不同的手机同样的地方，还有打王者的时候卡了两次屏，黑了一次屏,1
818,首先物流很快，但是角被撞了几下比较明显，电池不怎么样，关键指纹有时灵有时不灵，还是手没水有水根本没用。这就是6代技术，再用一两天总是这样的话要退要么换。,1
819,刚到的时候，钢化膜就掉了一小块，但不影响使用。过了一晚上，钢化膜突然就碎了？？？？咋?这是有自。爆装置？？,1
820,辣鸡，网络信号不行，别人可以玩的地方我们就卡,1
821,什么赠品都没有，就只有一个手机和充电器，耳机和无线充电还要自己买。,1
822,这个听筒跟外放一样，开小了又听不见，每次打电话都要调声音，真的心累，能不能退货,1
823,用了二十多天电池就不行了，晚上睡觉时还有一半的电早上起来就已经自动关机了，屏幕上的指纹也从来都没有管用过,1
824,手机有点卡顿，~等个别软件存在卡死，客服就知道让卸载重装，真的有点不开心，所以就退货了，手机拍照手感还是不错的，就是客服态度有点小问题,1
825,呵呵了 降了200不退差价京东 现在就想着搪塞消费者 一个企业也是慢慢没有诚信了,1
826,哪里有所谓的那么好，听筒问题，音量小，电池不经用，,1
827,一晚上待机15格电，什么都关了。这手机就是搞笑的。,1
828,用了6天，触屏就不灵了，点撒都么有反应，电话接不了，手机都关不了机！ 辣鸡?！,1
829,手机日常使用还算挺流畅，买了一个星期吧，打王者荣耀出现了一次死机，在打王者中多次出现了方向键断触的问题。通俗来说就是原地呆着两秒左右。吃鸡倒是一次都没有。,1
830,屏幕不好。夜里打开一个灰色的照片（大概15.5%的灰度，或则RGB都在40），可以明显看见亮度不一致！夜间右侧偏暖！ 屏幕不好。夜里打开一个灰色的照片（大概15.5%的灰度，或则RGB都在40），可以明显看见亮度不一致！夜间右侧偏暖！,1
831,正常使用不到一个月，一直使用原装充电器，没有发生碰撞，进水，现在充不进去电，这质量不敢恭维,1
832,手机信号差，原本能买单的地方米9完全无信号，做手机不把最基础的功能做好，总是整些有的没得！,1
833,10天不到就降价200，申请价格保护都不行，再说说手机问题，待机很短，照相一般，玩游戏还挺不错的，屏下指纹经常不灵,1
834,"不太好，打个王者都卡，还黑屏，拿回去换了还没到
可能是我运气不好，正好拿到残次品
来回耽误我时间，糟心",1
835,冲着拍照像素买的，但是感觉像素并没有多好，然后耗电快，充一次不玩游戏不看电视一天都用不了，感觉买亏了，将就用吧,1
836,手机做工不怎么好  太耗电 手机拍照有点模糊 这样的手机怎么会有人买,1
837,小米9最大的缺点就是电量少耗电快，关键就是我买了不到一个月居然降价了三百，而且在这时红米k20居然准备即将发布了，性能比小米9好比小米9便宜比小米9漂亮，后悔买了小米9，早知道多等一个月，买k20，希望k20吊打小米9,1
838,原配的转接头是坏的，插上去根本没有反应。不是原配的插上去就可以用。昨天到的货，今天才发现，对小米失望！,1
839,我买的是小米9 6g的 拿来玩王者荣耀 买了不到一个月吧 玩王者的时候经常闪屏 只能说这手机一般般 以后试下别的牌子 不能着了雷军的道 质量还是有待提升的,1
840,用了俩月了，最近不知道咋的，开飞行模式12个小时掉了48的电，不吹不黑，已经连续好几天这样了，烦躁,1
841,一般我觉得配不上这个价格拍照很清晰打王者也很快就是容易卡死接电话时常听不到声音~语音也容易卡,1
842,系统不能恭维，用机不到1天，就卡机死机后重启6次，玩个~都能卡死,1
843,"不建议购买 ，屏幕经常会自动点击 。手机信号满格就是没有网络 。经常会卡。看一下照片 ,信号满格就是没有网络。别人都有网络",1
844,早上百分之百的电只听了一个小时的歌玩了把王者然后就一直揣兜里没怎么玩就只剩30的的电量，一天都支撑不了，伤心想退货,1
845,从想小米4之后再次买的  体验不好  放在兜里经常响 不是输入电话号码 就是拍照，关了双击唤醒、抬起唤醒一点用没用。,1
846,八G的不能买 不合适  而且我的光线感应器和距离感应器都有毛病  果断 退了  一场虚惊差点入坑,1
847,挺期待的手机，结果有点差强人意啊，刚来相机几天显示故障，系统更新了一下之后按键就不太灵，还有，小爱同学应该改进，语音呼叫基本不行,1
848,奔着无线充电功能买的   居然不配备无线充电盘  还得自己买   没有耳机   只给了一个耳机转换头  手机在口袋不知道怎么回事老是出现紧急呼叫,1
849,同一天出现3个价格，问题是保价不了，同一天同一个型号同参数产品搞2个链接，就出现2个产品，蒙混过关，神操作,1
850,不该跟风买小米9的，经常断流，断触，用了一个多月吧，已经有点卡了，体验有点差，拍照经常卡顿，不知道为什么，以前用手机从来没有过这种情况,1
851,第一手机用了一个月后就开始非常费电，手机刚充满100不到几分钟就掉百分之一，就是巨费电。第二手机会死机滋滋滋响要关机重启。第三最近玩王者荣耀会无响应。其他的还行吧,1
852,话不多说 装口袋里，不是打电话就是打开相机浪费电，各种神奇的骚操作，也是醉了。我还以为没关锁放进口袋的呢。,1
853,不好的手机，揣在兜儿里老是出现误触拨号的故障，居然有一次给我打到110那里去了，电话那头的警察得知情况后把我好一顿训!还好我态度好，警察没追究我，不过想想也觉得这手机可怕!小米公司可恨， 居然造出这样的产品来坑客户,1
854,使用2天后，手机没有一点信号，恰好出去办事，还没拿钱包，so悲剧了，最后在交警的岗亭，借了个交警的手机才联系上同事，结果是果断退货。这算不算美好的回忆，,1
855,快递速度很快，电池小，断流等小问题我都能接受，但是产品自带手机壳是黑色的，不知道啥情况，确定是和炫彩蓝匹配的吗？转接头也是坏的，调货审核时间特别长，?，目前手机耳机都没得用，总得来说这次购物很不愉快！,1
856,这是第二个小米9了，nfc依旧打不开门。为啥小米6，米8，mix，9se都能打开，只有9打不开？？？这么大的设计缺陷，~一搜小米9nfc不能用的消息，一搜一大把，就是没人重视呢？？？？？？？？？,1
857,手机怎么说喃，不咋的没有我想象的那么好，拍照不咋的，屏幕素质太差，还没有我Nova2s的屏幕素质好，除了855外手机整体没看出有什么突出的地方，手机体验不佳。,1
858,无法截图,1
859,外观啥的我也不在意，但是这玩游戏的时候边框部分触摸失灵也是醉了，技能啥的都要点好多下，去试了一下触摸屏校准，还是不行，另外说好的现货原来就是这样的。,1
860,充电发热不知道什么情况，还有下载电视剧黑屏待机的时候也是发热，第一次用小米有点失望目前用了一个多星期出现几次发热了,1
861,都说小米是为发烧而生。果真用了，还真是为发烧而生。电量也不够用。手机放在口袋里面拿出来可能在拨打紧急电话，可能在拍照，可能再挑出一些页面。而且这款手机还少了一个口袋防误碰功能。,1
862,对于不玩游戏只刷~~的我对手机的要求不高，不卡，拍照好看就行，然而买不到一个月，就出现了点开软件就黑屏的情况，时不时白屏就是黑屏，找客服说是系统没更新，然而我已经是最新版本了，心累,1
863,天天误触，还买了两台，真是瞎了眼了，都这么久了，还没修补好,1
864,手机电量下的太快了，待机时间不长，本打算刚收到退换货的，后面嫌麻烦就凑合了，反应还可以吧，就是偶尔会小卡一下，没有描述的那么好,1
865,是我比较倒霉吗？升级到最新系统还是没有信号，和米8使用同样的移动4g卡只有两格信号！米8信号满满的,1
866,"包装简陋，收到后盒子角变型凹进去了，
发热确实严重
耗电也快，玩王者荣耀两个小时多点吧，
充电一个小时十分左右
充电也发烫。
价格方面比外面贵100吧，还能接受，
②⑥⑨⑨入手的，
比低配贵两百。",1
867,为什么我的左下角有些软件显示不完，~也是。指纹解锁也不是那么快，电量也不完美，充电的时候也有点烫，最好充电别玩手机。,1
868,买了两部，第一部有明显划痕，以为有时间去小米售后维修中心换下屏幕就好，结果直接不受理。明人不做暗事，手机拿回来有划痕，应该立刻拍照留证，避免#商家不认。,1
869,打王者一直460，调试过还是不行，新机就老是460，我朋友OPPOr11，和我用一个WiFi打王者都不卡，我一局卡顿四次460，今天刚到的新机，要是用几个月后岂不是卡爆，不是黑粉，求解决办法,1
870,刚买回十天左右~界面出问题，半个月左右，其他软件界面出问题，现在一个月左右，游戏界面打不开，然后手机显示要重启或者清除数据，第一次用小米，从此黑名单见！！！,1
871,玩了半天，其他都OK，想吐槽的就是这个屏幕，看视频模糊不清晰，蓝光硬是整成了标清的效果,1
872,一天上班八小时，中午玩了两把王者荣耀，一把吃鸡，下班的时候就没电了，其它都好，就这是硬伤。,1
873,"手机屏幕左上角有瑕疵，本来也就算了，也就丑一点。
一个赠品充电宝发了一周了，还是没货。店里边都有货，不能因为是赠品就拖着吧，学校这边马上放暑假了，东西发不回来，收不到，影响使用。客服只会说正在备货，麻烦专业点好吗？",1
874,后悔买透明版， 其他的不说，由于后盖是透明的， 背面有两块灰印是如何也擦不掉， 因为不可能把后盖玻璃给拆下来 ， 需要购买的请三思 ， 这看也不是质量问题 ，无法退换,1
875,"第一步，打开自动亮度。
第二步，把亮度条拉到最亮。
第三步，找本书遮住感光（也就是遮住手机上半部分）
第四步，屏幕自己暗下来之后别动。看看屏幕是不是隔几秒钟就会亮暗交替？",1
876,手机流畅度不错，不过系统有BUG，到处都是推荐的广告。并且没有防触碰功能真是#，放在口袋里，不是自己照相，就是启动动态壁纸，手机烫死人，并且刚在买就降价200，后悔购买了！,1
877,不好用，这ui这么像魅族的吗，再用小米已经不是那个小米了,1
878,怎么说呢，屏幕下面有蓝色条纹，产品品控真的差，主要是等不及想玩小米9了不然绝对换货。其他还行，指纹解锁也没那么高。快递倒是蛮快的，一天就到了。,1
879,好不容易抢的小米9，居然质量不好，顶端摄像头周围按压后屏幕混浊，字体看不清，已申请换货！！！,1
880,充电发热异常。刚充了100%的电量不到一分钟直接下掉的快，网络差，又掉网。,1
881,手机855性能没话说，但是玩游戏有时候闪退不知道怎么回事，拍照挺可以的，但是这个差评是给京东的，快递我是真的服，具体看图，这个包装是真的6我拿到的时候给我惊呆了，这个包装是包装手机的？？？打开后果不其然，盒子8个角全部内折，手机不知道被摔了多少下了，真的服,1
882,有时候会死机，进应用进不去卡在那里，图片也一直加载不出来，本机的图片也不显示，指纹应用锁有时候卡在那里闪退，网络也不好，还发烫，完全不值得这个价钱,1
883,小米这个手机去电快的惊人，几个小时就没电了，不知道是不是电池坏了，放一晚手机去电百分之十几，我要吐槽??,1
884,手机反应较慢，而且续航真的是不行，开机有75的电，用了不到半个小时，还有61的电,1
885,"一分给客服，我反应我存在的问题叫我稍等就没给我答复了用了。
用了一星期，其他都还行就是耗电有点快，每次把手机揣在兜里都会跳到紧急拨号页面嘟嘟的响，没有防误触的功能。",1
886,我想说品控还是有点问题的，刚买来充电器就是坏的无法给手机快充，我本来以为是手机问题测试了很久，挺烦的，好不容易抢到。,1
887,不建议购买 屏控有问题  举个例子就是玩王者时候  明明点技能了  可是没反应  我用差不多两周  有点问题  不是很好,1
888,不是很好，手机刚到手，手机包装盒的一个角被压扁了，然后手机表面有泥印，有可能是别人用过的，现在已经退货。,1
889,辣鸡手机，下单到发货用了6天，买来送人的，没送出去，没拆封3200卖都卖不出去，现在在评论再来努力一把，这个手机没开封，3200，灰8+128~这个吗？,1
890,游戏优化做的不够好，屏幕吃鸡不灵敏，吃鸡有时候点开镜点好几次都不行。玩游戏还是不买小米9吧。屏幕有时候解锁帮我乱开软件。,1
891,日槐 头大  用了两三天 头都是大的,1
892,小米手机也不过如此，颜值可以，重点是电池太差，手机放那儿不玩，所有后台关掉电都是哗哗的往下掉，新手机都这样，还指望用到后期能维持多长时间！！！,1
893,突出一个丑，这号称的水滴屏是真的丑，雷总一直的性价比也没了,1
894,很一般吧，像素感觉还没8好，会闪退，偶然没反应，屏幕指纹经常识别不了。,1
895,抢了四次真心好累。然后收货等啦一星期。手机还行吧。就是指纹不是很灵敏。包装也不是很好。整体来说还好吧。就是抢货抢的心累，。。不禁很想吐槽。颜色和想象的不太一样,1
896,打王者卡，退回大厅的时候卡的出不去，只能重新登录，在王者开语音有时候还听不到别人说话，换了一个手机，还是这样，吃鸡的时候，设置键不好使,1
897,使用了这么几天，除了电池小一点，其他都感觉很好，就有一点断流。。。。。。手机用着用着没有数据流量，有话费，信号满格，好几次了。,1
898,从小米1到小米五，已经不用小米了，用几个月就卡顿。不好用，小米质量有待加强，配置高有毛用,1
899,"手机收到之后，发现手机盒是有破损的，见下图。
因为有事，也没来得及退。
现在媳妇用上这个手机之后，不知道咋回事儿，天天吵架，看来运气不行，和手机八字不合。。。以后得卜一卦，然后才能决定买不买。。
心情十分之low。。。low爆了。。。",1
900,手机不防尘不防水 听筒声音比老式mp3还炸 沙沙沙的声音,1
901,几千块钱的手机，竟然连个保护膜都舍不得送，收到手机只能看着，从新在网上再买个保护膜回来,1
902,说好的8+128送车充，结果忽悠我,1
903,买完就降价，玛德白条都没开始还呢，#一生黑！！！,1
904,买了10天降价2300也不退钱#,1
905,用了两三天自动闪退重启,1
906,用了三天卡出黑块~扫一扫也打不开,1
907,第一次买，也是最后一次，辣鸡小米,1
908,不好,1
909,~卡顿，闪屏，已退货,1
910,刚买就降价,1
911,拧螺的货，翻新机？？？黑屏断流,1
912,刚买就降价,1
913,我这个手机感觉触屏有点不灵敏,1
914,不是原装机，别人用过的,1
915,还好,1
916,手机还行     就是想不通连个耳机都没有,1
917,给宇宙最#的惹不起的米粉的评价,1
918,没有什么包装，并且包装里面有睫毛还是什么不明物体,1
919,手机不是很好手机是卡的,1
920,~拍照屏幕闪烁,1
921,刚买的手机，屏幕出现划痕，能换吗,1
922,~地图定位不准，手机容易发热，用电快。,1
923,有没有遇到和我一样的？手机拍东西有时候能一下一下的黑影？,1
924,不行,1
925,钢化玻璃质量一般,1
926,手机收到没有卡针，客服来回踢皮球，简直天秀,1
927,我就想知道，连WIFI不能用是什么个情况,1
928,插入耳机一个有滋滋的电流声  差差差,1
929,京#。就知道玩儿文字游戏，套路又深。下次买京东？呵呵,1
930,崩坏3联机疯狂闪退 考虑退货了,1
931,算了，还是原来的鸟样,1
932,9号买的，15号发货，次日达,1
933,手机非常好，性价比很高～好评太多了?给一星是为了让其他人看见,1
934,玩游戏竟然时不时断流没信号，体验感好差哦,1
935,我暂时不想发火，耐心等待你们两天再追评吧！,1
936,显示4g满格的信号，~都打不开,1
937,小米不愧是为发热而生刚买来就发热电业不撑用,1
938,居然没有耳机，我以为送耳机的，结果回头一看没有,1
939,屏幕不行，显示有条纹，有图自己看吧。,1
940,刚买完就降价,1
941,不好用，指纹不灵敏，电不耐用,1
942,那么快就降价了，7月27买的，2799，一下子又降了300，才过10天，还不给补差价,1
943,#,1
944,一把游戏不知道掉几次线，这是我用过最辣鸡的手机,1
945,什么东西？？这就是小米9？？屏幕是怎么回事？  我要退货,1
946,刚2999元买的米9，618降价200，#！,1
947,手机一点也不好，手机质量有问题，浪费我自己的金钱和时间去检修，又浪费我半个月的时间。,1
948,玩刺激战场点按键不好使，电池也不抗用。,1
949,还可以吧，就是没有钢化膜和无线充还要自己买,1
950,为啥不配耳机的啊，这么小气，实体店买有，不开心,1
951,#的，刚买了就降了200。,1
952,屏幕触屏解锁不好使  要按好久  按好多次,1
953,耳机不带么？？？？,1
954,这就是小米的夜拍  还有电池只能用8个钟左右正常使用。,1
955,手机不好用，无线也没有，送音乐响也没有，耳机也没有，,1
956,#,1
957,手机用轻颜相机或者是快手拍照都虚晃~给别人开视频聊天也虚晃，,1
958,相册无响应,1
959,网上吵得热闹而已 并没有说的那么好 玩个游戏屏幕一闪一闪得,1
960,用了三天死机一次，后期体验还会追加评论。,1
961,手机耗电量超快，而且经常两格两格的掉，在~里还卡顿了一次～,1
962,"包装发货慢    说什么次日达    结果还是赠品19

号到    手机20号下午才到    手机还可以     快递员服务也很好    物流太慢了",1
963,掉电太快了吧，看看小说，刷刷~，4个小时到20%以下了！待机掉电也很快，跟电池用了两三年了似的,1
964,开机会有画面卡顿，不知道这是原有的，还是手机故障，能给个解释吗？,1
965,之前用的小米8在玩农药更新后卡成狗，换了小米9照样卡，我想知道猴王和花藤有没有PY交易？,1
966,拍照为什么会有一条一条的杠。搞不懂。刚买三天笑了。,1
967,火大  坏的,1
968,电池不耐用 电池不耐用  电池不耐用   电池不耐用,1
969,手机很棒，送的什么鸟壳，摄像头都没保护的。手机5星，保护套1分。,1
970,在锁屏的情况下，放在裤兜里会自动解锁，打开各种软件，，，,1
971,手机不带耳机，不带无线充电。还经常断流。一点不好用,1
972,~拍摄视频有黑条滚动，升级了系统后，~视频切换后摄像还是有问题，觉得小米的测试真是水，都去拧螺丝了吧，大概！,1
973,手机卡有时候玩王者闪退到后台有的时候~内还打不开摄像头今天愣是关机都关不了了什么破手机,1
974,很不爽，刚过价保就降价，虽然不多，但刚过一个月就降价也是厉害。,1
975,优缺点都有，有闪屏F象，凑合，用过段时间再说吧,1
976,第一天就卡屏，有时候还断网，不知道是不是二手货?，他喵的?,1
977,待机一晚上  后台全关跑了10%的电   真牛皮,1
978,这个具体我不想多说什么话了刚用一天手机卡  没有声音我都怀疑是不是2手的,1
979,这米酒酿的不咋地，电量不如用了两年的米5s，远距离拍照不如x23,1
980,客服说  到货给发  发票货到了不承认了没动静了  也不知道 这小米手机怎么回事儿要吃鸡能死机,1
981,第一次买小米，真可怕，没几天就黑屏了,1
982,一点都不好，手机质量有问题，浪费我半个月时间，去检修，来回退换手机，第二次返回来的手机我不想要了，还不给退。,1
983,为什么新手机里面，带了~，爱奇艺，~等应用，这个是官方自带的么？还是这个手机是别人退货的。还有为什么新手机只有50%的电量。,1
984,手机没有用多久出现蛮多问题我就不多说了，发最#的一个把,1
985,体验极差,1
986,新手机，刚收到，移动的时候有这种小闪是怎么回事啊，不懂了&hellip;&hellip;,1
987,GPS无效，~不能导航，这是硬伤，手机发烫，这是小米通病，电池耗电较快，其他还行，京东自营，快递还是蛮快,1
988,流畅度巨差，跟Mix 2相比差了一大截，好多app兼容性也不好,1
989,好好奇怎么高的评价是哪里来的，拿到手机后播放~anr打电话听不见声音简直了,1
990,前置摄像头视频的时候就成绿色什么也看不见，有时候动一下手机就闪一下。,1
991,26号抢到，4号到，没货抢购你#啊，你倒是拿货来买啊！！猴王,1
992,玩个王者荣耀，走路一卡一卡的，手机还发烫？？？有用？？？,1
993,电池不耐用，整体还凑合。因为极致的性价比选择了小米，但是小米的饥饿营销早晚会让众人唾弃。小米是一个值得称赞，但永远不值得尊重的企业，希望对待客户的的感受且行且珍惜。,1
994,我现在才知道手机也会影响网速 ，电话卡安在老手机网速还可以，直到安装在小米9，这网速不忍直视啊?,1
995,水滴屏太丑  买s10去了,1
996,说实话吧 买了一个星期之后各方面的性能就下降了 温度挺高的 我说的是一个星期之后 吃鸡画质流畅极限5分钟直接43度（烫手） 耗电也变得很快 就这点 温度高 耗电快 其他方面还行 经常打游戏千万别买,1
997,电池不打游戏五分钟1%，手机质量很好，除了电池小了些都很满意16号买的，18号有人有-300卷2499到手，我**不如十八号晚上十二点守着买。之前手机也能用的，哎，这一分是给京东的，这几天准备疯狂价保回血，双十一要买的兄弟，记得到双十一当天再下手，切记切记。,1
998,这次买手机是京东购物最差的一次体验咯，第一次寄过来手机有明显使用痕迹，感觉挺恶心的，还好换过来的还行。手机本身整体使用起来还不错，续航能力确实是短板，待机一晚掉了将近二十个电，这方面比起兄弟手机k20pro差了不少。,1
999,"玩游戏方面，小米9也没有辜负&ldquo;战斗天使&rdquo;的称号，因为这次加入了Game turbo，使得它的游戏性能得到了大幅增强，对比上一代的小米8，感觉还是有很大提升的。
另外，小米9在外观颜值方面也是一流的。小米9采用的水滴屏幕，屏占比超过90%，同时搭载了第五代的屏幕指纹识别技术，操作体验上也是很好的。这次的小米9在工艺设计上，也是非常的轻薄，重量方面只有173g，比华为mate20、苹果iPhoneXS这些手机都要轻很多。至于拍照方面，小米9采用了索尼IMX586传感器，最高像素可以达到4800万，后置三个镜头，拍照能力大幅提升。
当然了，小米9也并不是没有缺点。主要的缺点还在于电池容量只有3300毫安，另外不支持光学防抖功能，不支持IP68级别的防水功能，可以说优缺点都是很明显的。不过，总体而言，优点还是多于缺点的。当然，到底是否入手小米9，就看用户个人自",1
